"Group","Mean","SD","N","SE","CI_Lower","CI_Upper"
1,7.27895125523087,1.47511046776926,40,0.233235443925362,6.82180978513716,7.73609272532458
2,2.9295946134302,2.25719034490772,40,0.356893130122472,2.23008407839015,3.62910514847024
3,0.164574430153655,0.847504412836995,40,0.134002213580427,-0.0980699084639832,0.427218768771293
4,2.96838950857167,2.08446591683149,40,0.329583000108931,2.32240682835817,3.61437218878518
5,7.26436830078952,1.47934686094816,40,0.23390527650083,6.8059139588479,7.72282264273115
